id,daneshkade_keshavarzi
name_persian,دانشکده کشاورزی
website,http://web.shirazu.ac.ir/?page_id=158&menu_id=1&menu_item_id=47
head,علیرضا افشاریفر
head_phone_number,32276906
head_fax_number,32276907
head_email,afshari@shirazu.ac.ir
education_expert,رضا مستوفی زاده قلمفرسا
education_expert_phone_number,32276906
education_expert_fax_number,32276907
education_expert_email,rmostofi@shirazu.ac.ir
research_expert,علی نیازی
research_expert_phone_number,32276906
research_expert_fax_number,32276907
research_expert_email,Niazi@shirazu.ac.ir
student_expert,دکتر کورش رضایی مقدم
student_expert_phone_number, 32286308
student_expert_email,rezaei@shirazu.ac.ir
financial_expert,دکتر محسن عدالت
financial_expert_phone_number, 32276906
financial_expert_fax_number,32276907
financial_expert_email,edalat@shirazu.ac.ir
latitude,29.6448948
longtitude,52.5163662
address, شيراز – کيلومتر 12 جاده شيراز-اصفهان – منطقه باجگاه – دانشکده کشاورزي