id,daneshkade_mohandesi_mechanic
name_persian, دانشکده مهندسی مکانیک
website,http://web.shirazu.ac.ir/index.php?page_id=2013&menu_id=1&menu_item_id=136
head,دکتر مهرداد فرید
head_phone_number,32303051
head_email,farid@shirazu.ac.ir
education_expert,دكتر همایون امداد
education_expert_phone_number,36473530
education_expert_email,Hemdad@shirazu.ac.ir
latitude,29.6275001
longtitude,52.5179673
address, نشاني :شیراز - خیابان ملاصدرا - دانشکده مهندسی مکانیک